sally@xamcrm.onmicrosoft.com,P@ssword
greg.baine@xamcrm.onmicrosoft.com,maaTisse11
scott.rexroad@xamcrm.onmicrosoft.com,4286Nofa1
parker.rollins@xamcrm.onmicrosoft.com,3291Hulo1
jennifer.taylor@xamcrm.onmicrosoft.com,4124Magu1
wendy.reese@xamcrm.onmicrosoft.com,9833Gaca1
sandra.hamilton@xamcrm.onmicrosoft.com,9745Vaxa1
lyndon.lutz@xamcrm.onmicrosoft.com,1216Rahu1
julio.delgado@xamcrm.onmicrosoft.com,Sock00071
diane.loftus@xamcrm.onmicrosoft.com,Pant66991
samuel.hernandez@xamcrm.onmicrosoft.com,Shoe42421
rosa.terry@xamcrm.onmicrosoft.com,Yoda19801
dorothy.schumacher@xamcrm.onmicrosoft.com,Luke19831
dustin.thompson@xamcrm.onmicrosoft.com,hanS19771
mary.oldham@xamcrm.onmicrosoft.com,R2D2c3p01
dean.mcgraw@xamcrm.onmicrosoft.com,Hovu96941
melissa.wilson@xamcrm.onmicrosoft.com,Jofu21591
thomas.polk@xamcrm.onmicrosoft.com,Zudu66721
cynthia.belville@xamcrm.onmicrosoft.com,Quhu47071
susanna.reilly@xamcrm.onmicrosoft.com,Laku81871
carlos.martin@xamcrm.onmicrosoft.com,Poto24611
serena.johnson@xamcrm.onmicrosoft.com,Rabu03601
tina.shea@xamcrm.onmicrosoft.com,mzmzMr5151
lee.stanford@xamcrm.onmicrosoft.com,Toplqw121
joyce.walsh@xamcrm.onmicrosoft.com,uhNijM321
herbert.ramirez@xamcrm.onmicrosoft.com,Fghjjj091
